Modelo;Descripcion;Cant;Categoria;Cod barras;FECHA;
LVKV372PRO; Kit extensor de video HDMI/ Resolucion 1080p/ CAT 6/ 6A Cobre / Hasta 50 metros/ Loop HDMI en transmisor/ Transmisor IR/ Plug and play;1;REDES;6955361237753;03/02/2026;
DS-PDP18-EG2(P);Detector PIR Cableado para Interior / Inmunidad a Mascotas / Rango de Detección de 18 mts / Angulo de 85.9° de Cobertu;2;ALARMA;6941264044208;03/02/2026;
DS-PDP15P-EG2-WB; Detector PIR Inalámbrico Interior serie AX PRO / Inmunidad a Mascotas / Rango de Detección de 15 mts / Angulo de 85.9° de Cobertura;1;ALARMA;6942160434575;03/02/2026;
DS-PDPC12P-EG2-WB;CÁMARA Inalámbrica + PIR / 6 Años de Batería / Inmunidad a Mascotas / Rango de Detección de 12 mts / Angulo de 85.9° de Cobertura / Uso Interior;1;ALARMA;6941264065593;03/02/2026;
CS-H6C;EZVIZ H6c;1;CCTV;6941545614847;03/02/2026;
DH-H3A;Cámara IP Domo Motorizado Wifi de 3 Megapíxeles con IA, autotracking, audio bidireccional (micrófono y altavoz), sirena integrada, IR de 10 m, detección de humanos y ranura MicroSD;1;CCTV;6923172567437;03/02/2026;
DS-PS1-B;Sirena Estrobo Cableada Hikvision / Ideal para cualquier Panel de Alarma / Azul / 105 dB / Proteccón IP54;1;ALARMA;6941264081241;03/02/2026;
DS-PK1-LRT-HWB;Teclado Compatible con el Panel Hybrid Pro Hikvision DS-PHA64-LP y DS-PHA64-LP(B) / Pantalla LCD / 2 zonas cableadas / 1 salida de alarma / 64 Llaveros;1;ALARMA;6931847164393;03/02/2026;
DS-PM1-RT-HWB;Expansor de 32 Zonas Inalámbricas Tri-X / Conexión Speed-X Bus Hacia el Panel / Permite Agregar Sensores AX PRO;1;ALARMA;6931847180812;03/02/2026;
SYSNG-HS;Energizador con tecnología SMT de 12,000Volts - .5 Joules / 500 Mts Lineales de Protección / Cercas Electrificadas;1;CERCOS;;03/02/2026;
EYM12000127/NG;Energizador Modular para Cercos Eléctricos, Salida de Hasta 12,500 V, Alcance de 2,500 Metros Lineales (500 Metros en 5 Líneas), Alimentación 110/220 VAC, Compatible con Módulo WiFi,;1;CERCOS;;03/02/2026;
DS-PWA48-E-WB;Panel de Alarma Inalámbrico de Hikvision / Soporta 48 Zonas / Wi-Fi y Ethernet / Incluye Batería de respaldo / Compatible con los Accesorios AX PRO;1;ALARMA;6941264085461;03/02/2026;
DS-PS1-E-WB/B;"Sirena Inalámbrica con Estrobo Azul para Exterior IP65 / 110 dB
";1;ALARMA;6941264065197;03/02/2026;
DS-PHA64-LP(B);Panel de Alarma AX HYBRID PRO / Wi-Fi / 8 Zonas Cableadas Directas al Panel / 56 Zonas Expandibles: Inalámbricas o Cableadas por Medio de Módulos / Soporta Integración de Batería de Respaldo / 32 Particiones (Áreas);1;ALARMA;6942160472157;03/02/2026;
DS-PK1-E-WB;(AX PRO) Teclado Inalámbrico para Armado y Desarmado / Funciones de Automatización para control de Relevadores;1;ALARMA;6941264065098;03/02/2026;
DS-2CD1067G2H-LIUF;[Dual Light + ColorVu] Bala IP 6 Megapixel / Lente 2.8 mm / 30 mts IR + 30 mts Luz Blanca / Micrófono Integrado / ACUSENSE Lite / Exterior IP67 / WDR 120 dB / PoE / Micro SD;1;CCTV;6942160447797;03/02/2026;
DS-2CD1023G2-LIU(F);[Dual Light] Bala IP 2 Megapixel / Lente 2.8 mm / 30 mts IR + 30 mts Luz Blanca / Micrófono Integrado / ACUSENSE Lite / Exterior IP67 / H.265 / PoE / Micro SD;1;CCTV;6931847189105;03/02/2026;
DS-2CD1047G2H-LIUF;[Dual Light + ColorVu] Bala IP 4 Megapixel / Lente 2.8 mm / 30 mts IR + 30 mts Luz Blanca / Micrófono Integrado / ACUSENSE Lite / Exterior IP67 / dWDR / PoE / Micro SD;1;CCTV;6942160448022;03/02/2026;
DS-2CD1T67G2H-LIUF;[Dual Light + ColorVu] Bala IP 6 Megapixel / Lente 4 mm / 50 mts IR + 50 mts Luz Blanca / Micrófono Integrado / ACUSENSE Lite / Exterior IP67 / WDR 120 dB / PoE / Micro SD;1;CCTV;6942160447957;03/02/2026;
PTC1640U;Transformador 16VCA / 40VA #cer Fusible Interno para paneles y módulos de NEO, Power Series y Maxsys;2;ALARMA;;03/02/2026;
OUTP5ECCAEXT;Cable UTP CCA, categoría 5E, color negro, 305 metros para exterior, con 4 pares y doble forro;1;;;03/02/2026;
DH-PFM922I-5EUN-C;Bobina de cable UTP Cat5e de 305 metros, color blanco, ideal para instalaciones interiores. Conductor de CCA y cubierta de FR-PVC, cumple con la normativa ROHS para una alta calidad y seguridad.;2;CCTV;;03/02/2026;
DS-2CV1023G2-LIDWF(B);Bala IP 2 Megapixel / Lente 2.8 mm / Dual Light (30 mts IR + 30 mts Luz Blanca) / Wi-Fi / ACUSENSE / Audio Bidireccional (Micrófono y Bocina) / IP66 / dWDR / Micro SD;3;CCTV;;03/02/2026;
DH-PFM922I-5EUN-C-100;Bobina de 100 metros de cable UTP Cat 5e, fabricado con conductores de aluminio revestidos de cobre (CCA), en color blanco. Ideal para uso en interiores, con cubierta FR-PVC retardante de flama;2;CCTV;;03/02/2026;
DH-PFM920I-5EUN-C-V2-100 (white);Bobina de 100 Mts de Cable UTP Cat5e/ 100% Cobre/ Color Blanco/ Ideal para Video y Redes/;0;CCTV;;03/02/2026;
DS-2CD1023G2-LIU(F);[Dual Light] Bala IP 2 Megapixel / Lente 2.8 mm / 30 mts IR + 30 mts Luz Blanca / Micrófono Integrado / ACUSENSE Lite / Exterior IP67 / H.265 / PoE / Micro SD;1;CCTV;;03/02/2026;
DS-2CE17K0T-LFS;[Dual Light + ColorVu] Bala TURBOHD 3K (5 Megapixel) / Lente 2.8 mm / 40 mts IR + 40 mts Luz Blanca / Gran Angular 104.5° / Exterior IP67 / Micrófono Integrado / dWDR / 4 Tecnologías;3;CCTV;;03/02/2026;
DS-2CD1067G2H-LIUF;[Dual Light + ColorVu] Bala IP 6 Megapixel / Lente 2.8 mm / 30 mts IR + 30 mts Luz Blanca / Micrófono Integrado / ACUSENSE Lite / Exterior IP67 / WDR 120 dB / PoE / Micro SD;1;CCTV;;03/02/2026;
DS-2CD1047G2H-LIUF;[Dual Light + ColorVu] Bala IP 4 Megapixel / Lente 2.8 mm / 30 mts IR + 30 mts Luz Blanca / Micrófono Integrado / ACUSENSE Lite / Exterior IP67 / dWDR / PoE / Micro SD;1;CCTV;;03/02/2026;
DS-2CD1T67G2H-LIUF;[Dual Light + ColorVu] Bala IP 6 Megapixel / Lente 4 mm / 50 mts IR + 50 mts Luz Blanca / Micrófono Integrado / ACUSENSE Lite / Exterior IP67 / WDR 120 dB / PoE / Micro SD;1;CCTV;;03/02/2026;
DS-2CE16H0T-ITF;Bala TURBOHD 5 Megapixel / Lente 2.8 mm / 4 Tecnologías (TVI / AHD / CVI / CVBS) / 30 mts SMART IR EXIR / Exterior IP67 / dWDR / Metal;2;CCTV;;03/02/2026;
DS-2CE16K0T-LFS;[Dual Light + ColorVu] Bala TURBOHD 3K (5 Megapixel) / Lente 2.8 mm / 30 mts IR + 20 mts Luz Blanca / Gran Angular 104.9° / Exterior IP67 / Micrófono Integrado / dWDR / 4 Tecnologías / Metal;6;CCTV;;06/02/2026;
DS-2CE78D0T-LTS;[Audio Bidireccional + Dual Light + ColorVu] Turret TURBOHD 2 Megapixel (1080p) / Lente 2.8 mm / 40 mts IR EXIR + 40 mts Luz Blanca / Micrófono y Bocina Integrado / Exterior IP67 / dWDR;1;CCTV;;03/02/2026;
DS-2CD2935FWD-I;Cámara de red de domo fijo Fisheye de 3 MP;1;CCTV;;03/02/2026;
DS-2CE57D3T-VPITF;Domo TURBOHD 2 Megapixel (1080p) / Lente 2.8 mm / 30 mts IR EXIR / TVI-AHD-CVI-CVBS / IK10 / IP67 / WDR 120 dB / Ultra Baja Iluminación / Metal;2;CCTV;;03/02/2026;
DS-KB8113-IME1(B);Frente de Calle IP 2 Megapixel / Uso Rudo / Antivandálico IK09 y Exterior IP65 / PoE Estándar / 3 mts IR / Compatible con Monitor IP HIKVISION o Llamada Directo a App;1;CCTV;;03/02/2026;
DS-2CE76D0T-LMFS;[Dual Light + ColorVu] Turret TURBOHD 2 Megapixel (1080p) / Lente 2.8 mm / 30 mts IR + 20 mts Luz Blanca / Gran Angular 101° / Exterior IP67 / Micrófono Integrado / 4 Tecnologías / Metal;1;CCTV;;03/02/2026;
CS-H3C;Bala WiFi / 2 Megapixel / Detección humana / Micrófono Integrado / Micro SD / Excelente Vision Nocturna / Exterior;4;CCTV;;03/02/2026;
CS-H8C;Camara PT WiFi / 2 Megapixel / Cobertura 360° / Detección humana / Seguimiento Inteligente / Sirena / Luz Parpadeante / Colores en Oscuridad / Micro SD / Audio de Dos Vías / Exterior Con Protección;8;CCTV;;03/02/2026;
CS-H6C/5MP;Cámara PT / Resolución 3K (5 Megapixel) / Visión Nocturna Inteligente en Color / Detección de Forma Humana Inteligente / Almacenamiento en MicroSD y Nube;3;CCTV;;03/02/2026;
DH-H3A;Cámara IP Domo Motorizado Wifi de 3 Megapíxeles con IA, autotracking, audio bidireccional (micrófono y altavoz), sirena integrada, IR de 10 m, detección de humanos y ranura MicroSD;1;CCTV;;03/02/2026;
THC-B129-PS;[ColorVu] Bala TURBOHD 2 Megapixel (1080p) / Imagen a Color 24/7 / Lente 2.8 mm / Luz Blanca 20 mts / IP66 / Policarbonato / Microfono Integrado;16;CCTV;6931847181505;03/02/2026;
THC-B129-MS;[ColorVu] Bala TURBOHD 2 Megapixel (1080p) / Imagen a Color 24/7 / Lente 2.8 mm / Microfono Integrado / Luz Blanca 20 mts / IP66 / Metálica;3;CCTV;6931847181529;03/02/2026;
THC-B120-PC;Bala TURBOHD 2 Megapíxeles (1080p) / Gran Angular 103° / Lente 2.8 mm / IR EXIR Inteligente 20 mts / Exterior IP66 / dWDR / TVI-AHD-CVI-CVBS;10;CCTV;;03/02/2026;
THC-T220-M;Turret TURBOHD 2 Megapíxel (1080p) / Lente 2.8 mm / 40 mts IR EXIR / 4 Tecnologías (TVI / AHD / CVI / CVBS) / IP66;5;CCTV;;03/02/2026;
THC-T120-PC;Turret TURBOHD 2 Megapíxel (1080p) / Lente 2.8 mm / 20 mts IR EXIR / 4 Tecnologías (TVI / AHD / CVI / CVBS) / Uso en Interior;2;CCTV;;03/02/2026;
THC-T227-LTS;[Audio Bidireccional + Dual Light + ColorVu] Turret TURBOHD 2 Megapixel (1080p) / Lente 2.8 mm / 40 mts IR EXIR + 40 mts Luz Blanca / Micrófono y Bocina Integrado / Exterior IP67 / dWDR;8;CCTV;;03/02/2026;
THC-B127-LTS;[Audio Bidireccional + Dual Light + ColorVu] Bala TURBOHD 2 Megapixel (1080p) / Lente 2.8 mm / 30 mts IR EXIR + 20 mts Luz Blanca / Micrófono y Bocina Integrado / Exterior IP67 / Metal / dWDR;8;CCTV;;03/02/2026;
IPC-C320HA-D/W(W);Cubo IP 2 Megapixel / Lente 2.8 mm (Gran Angular) / Audio Bidireccional / WiFi / Memoria Micro SD /AcuSense / Notificacion Push / Interior / H.265+;1;CCTV;;03/02/2026;
THC-T129-MS;[ColorVu] Turret TURBOHD 1080p / Imagen a color 24/7 / Lente 2.8 mm / Micrófono Integrado / Luz Blanca 20 mts / IP66 / Metálica;1;CCTV;;03/02/2026;
THC-B223-M;Cámara de bala fija con luz ultrabaja de 2 MP;3;CCTV;;03/02/2026;
DS-2CE70DF0T-MF;[ColorVu] Turret TURBOHD 2 Megapixel (1080p) / Imagen a Color 24/7 / Lente 2.8 mm / METAL / Luz Blanca 20 mts / Exterior IP67 / TVI-AHD-CVI-CVBS / dWDR;3;CCTV;;03/02/2026;
B8-TURBO-G2P/A;AUDIO POR COAXITRON / Bala TURBOHD 2 Megapixel (1080p) / Gran Angular 106° / Lente 2.8 mm / 25 mts IR EXIR / Exterior IP66 / 4 Tecnologías / dWDR;2;CCTV;;03/02/2026;
DS-2CE12DF0T-F;[ColorVu] Bala TURBOHD 2 Megapixel (1080p) / Imagen a Color 24/7 / Lente 3.6 mm / METAL / Luz Blanca 40 mts / Exterior IP67 / TVI-AHD-CVI-CVBS / dWDR;8;CCTV;;03/02/2026;
DS-2CE12DF0T-F;[ColorVu] Bala TURBOHD 2 Megapixel (1080p) / Imagen a Color 24/7 / Lente 3.6 mm / METAL / Luz Blanca 40 mts / Exterior IP67 / TVI-AHD-CVI-CVBS / dWDR;1;CCTV;;03/02/2026;
DS-2CD1T47G2H-LIUF;[Dual Light + ColorVu] Bala IP 4 Megapixel / Lente 4 mm / 50 mts IR + 50 mts Luz Blanca / Micrófono Integrado / ACUSENSE Lite / Exterior IP67 / WDR 120 dB / PoE / Micro SD;1;CCTV;;03/02/2026;
IDS-7208HUHI-M1/XT;DVR 8 Canales TURBOHD + 8 Canales IP / 8 Megapixel (4K) / Audio de dos vías por Coaxitron / ACUSENSE / Reconocimiento Facial / 1 Bahía de Disco Duro / Salida de Video en 4K / H.265+;1;CCTV;;03/02/2026;
DS-7604NI-Q1/4P(D);NVR 8 Megapixel (4K) (Compatible con Cámaras ACUSENSE) / 4 canales IP / 4 Puertos PoE+ / 1 Bahía de Disco Duro / Salida de Vídeo en 4K / 300 Metros PoE Modo Extendido;1;CCTV;;03/02/2026;
DS-7204HGHI-M1(T);[Audio Bidireccional] DVR 4 Canales TurboHD + 1 Canal IP / 2 Megapixel (1080p) Lite / Acusense Lite (Evita Falsas Alarmas) / Audio por Coaxitron / 1 Bahia de Disco Duro / H.265+ / Salida de Vídeo Full HD;1;CCTV;;03/02/2026;
IDS-7204HQHI-M1/T;DVR 4 Canales TURBOHD + 2 Canales IP / 5 Megapixel Lite - 3K Lite / Audio Bidireccional / ACUSENSE (Evista falsas alarmas) / 1 Bahía de Disco Duro / Salida de Video en Full HD;1;CCTV;;03/02/2026;
DS-7108NI-K1/W/M(C);NVR 4 Megapixel / 8 canales IP / 1 Bahía de Disco Duro / 2 Antenas Wi-Fi / Salida de Vídeo Full HD;1;CCTV;;03/02/2026;
DS-7208HGHI-M1/T;[Audio Bidireccional] DVR 8 Canales TurboHD + 2 Canales IP / 2 Megapixel (1080p) Lite / Acusense Lite (Evita Falsas Alarmas) / Audio por Coaxitron / 1 Bahia de Disco Duro / H.265+ / Salida de Vídeo Full HD;1;CCTV;;03/02/2026;
DVR-208G-M1/T;[Audio Bidireccional] DVR 8 Canales TurboHD + 2 Canal IP / 2 Megapixel (1080p) Lite / Acusense Lite (Evita Falsas Alarmas) / Audio por Coaxitron / 1 Bahia de Disco Duro / H.265+ / Salida de Vídeo Full HD;0;CCTV;;03/02/2026;
DVR-208G-M1/T;DVR 8 Canales TurboHD + 2 Canales IP / 2 Megapíxel (1080P) Lite / Acusense Lite (Evita Falsas Alarmas) / Audio por Coaxitron / 1 Bahía de Disco Duro / H.265+ / 1 Canal de Audio / Salida de Vídeo Full HD;1;CCTV;;03/02/2026;
DS-2FA1205-C8/K;Fuente de Poder Regulada 12 Vcc / 13.5 Vcc / 15 Vcc para 8 Cámaras / 8 Amperes (1 Amp por Salida) / Voltaje de Entrada 90 - 130 VCA / Filtro de Ruido para Cámaras 4K / Modo para Largas Distancias;1;CCTV;;03/02/2026;
DS-2FA1225-C4/K;Fuente de Poder Regulada 12 Vcc / 13.5 Vcc / 15 Vcc para 4 Cámaras / 4 Amp (1 Amp por Salida) / Voltaje de Entrada 90 - 130 VCA / Filtro de Ruido para Cámaras 4K / Modo para Largas Distancias;2;CCTV;;03/02/2026;
DS-KH2230T;"Monitor adicional 7"" para Videoportero TurboHD / Botónes Mecanicos / Compatible con DSKIS212 / DSKB2412TIM";1;CCTV;;03/02/2026;
DS-1280ZJ-DM55;Caja de Conexiones para Cámaras Domo / Uso en Exterior;4;CCTV;;03/02/2026;
DHI-MCVR5104-GCW;DAHUA MCVR5104GCW - DVR Móvil 4 canales HDCVI 1080p / 720p / Analógico 960H / GPS / 3G / WiFi / SATA 2.5 Pulgadas / UPS Interno;1;CCTV;;03/02/2026;
DH-DVR0404ME-U-GC;DAHUA DVR0404MEU- DVR MOVIL 4 CANALES DE VIDEO/ H264/ 120FPS/ TRANSMISION POR RED/ SISTEMA DE GPS/ 3G/INTERFAZ SATA 2.5;1;CCTV;;03/02/2026;
EPIDL6W;Reflector Empotrable / LUZ Fría / 6 W / 420 lúmenes / 50000 hrs / IP20;6;CCTV;;03/02/2026;
DS-1273ZJ-140-DM45;Montaje de Pared para Domos TURBOHD 4K / Uso en Exterior / Fabricados en Aluminio;2;CCTV;;03/02/2026;
DS-1275ZJ-S-SUS;Montaje de Poste para Cámaras DS-2CD26 / DS-2CD3656G2T-IZS(C) / Acero Inoxidable;1;CCTV;;03/02/2026;
DS-1280ZJ-M;Caja de Conexiones de Exterior con Tapa para Cámaras Tipo Eyeball y Turret / IP66;8;CCTV;;03/02/2026;
DS-2DE2C200IWG/W(W);[FlexVu] PT IP 2 Megapixel / Lente 4 mm / 30 mts IR / Exterior IP66 / Wi-Fi / dWDR / ACUSENSE Lite / Autoseguimiento / H.265+ / Micrófono y Bocina Interconstruido / Micro SD / Se Conecta Directo a la App de Hik-Connect / Montaje Techo o Pared;1;CCTV;;03/02/2026;
DS-K4H258-L/Z;Kit de montajes Z y L para Cerradura Magnética HIKVISION / Compatible con DS-K4H258S / Uso en Puerta de Madera y Metal;1;CCTV;;03/02/2026;
SUA-HAC-B20M-0280B;Cámara Tipo Bala de 2 Megapíxeles & 1080P/ Lente de 2.8 mm Con Apertura de Hasta 100°/ Iluminación IR Inteligente de Hasta 30m/ Para Exterior IP67/ Cámara Metálica/;12;CCTV;;03/02/2026;
SUA-XVR1E08-I;Video Grabador Dígital HDCVI/ Capacidad 8 Canales HDCVI + 2 Canales IP/ Conversión Hasta 10 Canales IP/ Codificación Hasta 1080N/ Entradas & Salidas de Audio/ Onvif/;4;CCTV;;03/02/2026;
SUA-XVR1E04-I;Video Grabador Dígital HDCVI/ Capacidad de 4 Canales HDCVI + 1 Canal IP/ Conversión Hasta 5 Canales IP/ Codificación Hasta 1080N/ Entradas & Salidas de Audio;1;CCTV;;03/02/2026;
DH-XVR1B04-I/T;DVR de 4 Canales 1080P LiteWizSense/HDCVI X Plus/4 Canales HDCVI +1 Canal IP/Audio Bidireccional en los 4 Canales/Detección d Movimient Inteligente/Conversión de Hasta 5 Canals IP;0;CCTV;;03/02/2026;
DH-XVR1B04H-I;DVR de 4 canales 5MP Lite con WizSense y H.265+. Soporta 4 canales + 2 IP, o hasta 6 canales IP. Con SMD Plus y búsqueda inteligente de humanos y vehículos;1;CCTV;;03/02/2026;
DH-XVR1B08-I/T;DVR de 8 Canales 1080P LiteWizSense/HDCVI X Plus/8 Canales HDCVI +2 Canal IP/Audio Bidireccional en los 8 Canales/Detección de Movimiento Inteligente/ Conversión de Hasta 10 Canales IP;0;CCTV;;03/02/2026;
DH-XVR1B08H-I; DVR de 8 canales 5MP Lite con WizSense y H.265+. Soporta 8 canales + 4 IP, o hasta 12 canales IP. Con SMD Plus y búsqueda inteligente de humanos y vehículos.;1;CCTV;;03/02/2026;
DH-XVR5104HS-I3;DVR de 5MP Lite con WizSense. Soporta 4 canales + 2 IP o hasta 6 canales IP. Reconocimiento facial y protección perimetral en 1 canal, incluye SDM Plus, codificación H.265+, y funciones para IoT & POS;1;CCTV;;03/02/2026;
DH-XVR5108HS-I3;DVR de 8 canales 5MP Lite, WizSense con IA, H.265+, 8 Canales Analogos + 4 IP o hasta 12 canales IP, 1 canal de reconocimiento facial, SMD Plus, 1 canal de protección perimetral y 1 bahía HDD #5MP;1;CCTV;;03/02/2026;
DH-PFS3006-4ET-36;Switch PoE de 6 Puertos Fast Ethernet/4 Puertos PoE 10/100/ 2 Puertos uplink 10/100/ 36 Watts Totales/ Switching 1.2 Gbps/ Tasa de Reenvio de Paquetes .89 Mbps/ con Protección de Descargas;2;CCTV;;03/02/2026;
DHI-XVR5108HS-4KL;DVR de 8 Canales 4k/ H.264/ 4 Canales IP Adicionales/ Maximo 12 Canales/ 1&1 E&S de Audio/ 1 Puerto Sata de 8 TB/ 1 HDMI&VGA/;0;CCTV;;03/02/2026;
DH-VTNS1060A;Switch 6 puertos / No administrable / CAT 5e / 24 VDC/ No incluye fuente;1;CCTV;;03/02/2026;
NVR1B04HS-4P;NVR 4 Canales IP / H265+ & H264+ / 4 Puertos PoE / Rendimiento 80 Mbps / HDMI / VGA / Puerto SATA 6TB/;1;CCTV;;03/02/2026;
DHI-NVR2104HS-P-I;NVR de 8 Megapixeles/ 4k/ 4 Canales IP/ WizSense/ 4 Puertos Poe/ H.265+/ 80 mbps/ HDMI y VGA/ 1 Canal con Reconocimiento Facial o 2 Canales con Protección Perimetral o 4 Canales con SMD/ 1 Sata de de Hasta 8TB/;1;;;03/02/2026;
DHI-NVR2104HS-P-I2;NVR DE 8 Megapixeles/ 4k/ 4 Canales IP/ WizSense/ 4 Puertos Poe/ H265+/ Rendimiento de 80 Mbps/ HDMI y VGA/ 1 Ch de Reconocimiento Facial/ Protección Perimetral/ SMD Plus/ 1 Bahía de Disco Duro de 10 TB/;1;;;03/02/2026;
SAX9604H; DVR 4 CANALES / FULL D1 960H / DDNS / SALIDA BNC / VGA / HDMI / 2 CANALES IP / AUDIO;1;;;03/02/2026;
GRP-2612W;"Teléfono IP Wi-Fi, Grado Operador, 4 líneas SIP con 2 cuentas, pantalla a color 2.4"", codec Opus, IPV4/IPV6 con gestión en la nube GDMS";4;;;03/02/2026;
GXP-1615;Teléfono IP SMB de 2 Líneas, 1 cuenta SIP con 3 teclas de función programables y conferencia de 3 vías. PoE;5;;;03/02/2026;
POE-230P-LFP;Mini UPS CC SKE POE-230P-LFP Color Negro, Interfaz USB y POE;24;;;03/02/2026;
DS-UPS600-X;UPS de 600 VA / 360W / Protección Contra Sobrecarga y Descarga / Entrada y Salida 120 VCA / 6 Tomas NEMA 5-15R (4 con Respaldo y 2 sin Respaldo);2;;;03/02/2026;
DH-PFM922I-5EUN-C-100;Bobina de 100 metros de cable UTP Cat 5e, fabricado con conductores de aluminio revestidos de cobre (CCA), en color blanco. Ideal para uso en interiores, con cubierta FR-PVC retardante de flama ;0;;;03/02/2026;
GXP-2130;Teléfono IP Empresarial de 3 Líneas con 4 teclas de función, 8 teclas de extensión BLF y conferencia de 4 vías. PoE;1;;;03/02/2026;
SF16AWG500A;Alambre de Aluminio Reforzado / Intemperie / Ideal para Cercas Electrificadas / Calibre 16 - 500mts;2;;;03/02/2026;
PM-WIRE2;CABLE DOBLE AISLADO DE ALTO VOLTAJE PARA CERCA ELECTRIFICADAS BOBINA;0;;;03/02/2026;
DH-HAC-HDBW1200EAN;Cámara Domo de 2 Megapíxeles Antivandálica/ 1080p/ Lente 2.8 mm/ 115 Grados de Apertura/ IR de 40 Metros/ Super Adapt/ Protección IK10/ Uso Exterior IP67;1;;;03/02/2026;
DH-HAC-T2A21N-0360B;Camara Domo de 2 Megapixeles/ 1080p/ Lente 3.6 mm/ 82 Grados de Apertura/ IR de 20 Metros/ Metalica/ IP67/;3;;;03/02/2026;
DH-HAC-T1A51N-U;Cámara Domo de 5 Megapixeles/ Lente de 2.8mm/ 106 Grados de Apertura/ IR de 25 Mts/ Uso Interior/ Soporta HDCVI/AHD/TVI y CBVS/;4;;;03/02/2026;
DH-HAC-T2A51N-U;Camara Domo de 5 Megapixeles/106 Grados de Apertura/ Metalica/ Lente de 2.8 mm/ IR de 30 Metros/;1;;;03/02/2026;
DH-HAC-HDW1209TLQN-A-LED;Cámara Domo Full Color de 2 MP. Lente fijo 2.8 mm con ángulo de 103°, micrófono integrado, iluminación LED de 20 m, tecnología Starlight para excelente desempeño en baja luz, DWDR, certificación IP67 y fácil instalación.;2;;;03/02/2026;
DH-HAC-HDW1200CLQN-IL-A;Camara Domo de 2 Megapixeles/ Iluminación Dual Inteligente + FullColor/ Lente de 2.8 mm/ 102 Grados de Apertura/ 20 Metros de IR y Luz Visible/ Microfono Integrado/ IP67/ Soporta: CVI/CVBS/AHD/TVI/;2;;;03/02/2026;
AWG25;;1;;;;
AWG50;;1;;;03/02/2026;
AWG100;;0;;;03/02/2026;
DH-HAC-HFW1500TN-0280B;Camara Bullet de 5 Megapixeles/ Lente de 2.8 mm/ 111 Grados de Apertura/ Metalica/ IR de 30 Metros/ IP67/ Soporta CVI/CVBS/AHD/TVI/;4;;;03/02/2026;
DH-HAC-HFW1500CN-A-0280B-S2;Camara Bullet de 5 Megapixeles/ Microfono Integrado/ Lente de 2.8mm/ 111 Grados de Apertura/ IR de 30 Mts/ Starlight/ IP67/ CVI/CVBS/AHD/TVI/;2;;;03/02/2026;
DH-HAC-HFW1200TN-A-0280B-S4;Camara Bullet Hdcvi 1080p/ Microfono Integrado/ 103 Grados De Apertura/ Lente 2.8 Mm/ Ir 30 Mts/ Ip67/ Metalica/ Dwdr/ Blc /hlc;1;;;03/02/2026;
DH-HAC-HFW1209TLMN-A-LED;Camara Bullet Full Color de 2 Megapixeles/ 1080p/ Lente de 2.8mm/ 108 Grados de Apertura/ Microfono Integrado/ 40 Metros de Iluminación/ DWDR/ IP67/ Metalica+Policarbonato/;4;;;03/02/2026;
SUA-HAC-B20P-0280B; Cámara Tipo Bala de 2 Megapíxeles & 1080P/ Lente de 2.8 mm Apertura de Hasta 100°/ Iluminación IR de Hasta 20m/ Para Exterior IP67/Material Plástico de Alta Duración/Funcionamiento en Modos;8;;;03/02/2026;
DH-HAC-HFW1209CN-LED-0280B;Cámara Bullet Full Color 1080p/ Lente de 2.8 mm/ 106 Grados de Apertura/ Luz Blanca de 20 Mts/ DWDR/ Starlight/ IP67/ Soporta CVI/AHD y CVBS;10;;;03/02/2026;
DH-HAC-B2A21N-U-0280B;Camara Bullet de 2 Megapixeles/ 1080p/ Lente 2.8 mm/ 100 Grados de Apertura/ 30 Metros de IR/ Metalica/ IP67/ Soporta: CVI/TVI/AHD y CVBS/ Menu OSD para Configuracion;4;;;03/02/2026;
DH-HAC-B1A21N-U-0280B;Camara Bullet de 2 Megapixeles/ Lente de 2.8 mm/ 30 Metros de IR/ 100 Grados de Apertura/ IP67;1;;;03/02/2026;
DH-HAC-B1A51N-U-IL-A;Cámara Bullet de 5 MP Serie Cooper/ Lente 2.8 mm Apertura Hasta 106°/ Iluminación Dual Inteligente/ Iluminación Hasta 30Mts con IR +20Mts Luz Calida/ Micrófono Incorporado/ Plástico/ Para ExteriorIP67;2;;;03/02/2026;
DH-HAC-HFW1509CN-LED-0280B;Cámara Bullet Full Color de 5 Megapixeles/ Lente de 2.8 mm/ 112 Grados de Apertura/ Leds para 20 Mts/ WDR de 120 dB/ Starlight/ IP67;3;;;03/02/2026;
DH-HAC-HFW1200RLN-IL-T;Camara Bullet de 2 Megapixeles/ Audio Bidireccional/ Iluminación Dual Inteligente Hasta 30m/ Lente de 2.8mm Apertura de 111°/ Policarbonato;0;;;03/02/2026;
DH-F4C-LED;Cámara IP Bullet Wifi de 4 Megapíxeles/ Full Color/ Microfono Integrado/ 30 Mts de Luz Visible/ Ranura para MicroSD/ IA con Detección de Humanos/ IP67/;1;;;03/02/2026;
DH-HAC-HFW1209CN-A-LED;Cámara Bullet Full Color 1080p/ Lente de 2.8 mm/ 106 Grados de Apertura/ Micrófono Integrado/ Luz Blanca de 20 Mts/ DWDR/ Starlight/ IP67/;2;;;03/02/2026;
DH-IPC-B1E20;Camara IP Bullet de 2 MP, lente 2.8 mm, 99° de visión, IR 30 m, IP67 y PoE. Incluye DWDR, 3D NR, HLC, BLC y compresión H.265+ para videovigilancia eficiente;4;;;03/02/2026;
DH-IPC-HFW1230DT-STW;Cámara IP Bullet Wifi de 2 Megapixeles/ Lente de 2.8 mm/ 100 Grados de Apertura/ IR de 30 Metros/ H.265/ Microfono y Altavoz Integrados/ Ranura MicroSD/ IP67/ Detección de Movimiento;2;;;03/02/2026;
DH-SD3E405DB-GNY-A-PV1;Camara IP PTZ de 4 MP TiOC de 5x de Zoom Optico/ Iluminación Dual Inteligente/ Disuasión Activa con Luz Roja y Azul/ IR de 50 Metros/ Micrófono y Altavoz Integrado/ Audio 2 Vías/ Ranura para MicroSD/ IP66/ PoE;1;;;03/02/2026;
DH-IPC-HDBW1230DE-SW;Camara IP Domo Wifi de 2 Megapixeles/ Lente de 2.8 mm/ 100 Grados de Apertura/ IR de 30 Metros/ Ranura para MicroSD/ IP67/ Antivandalica Ik10/ Detección de Humanos SMD/ Hasta 80 Metros de Alcance en Area Abierta/;1;;;03/02/2026;
DH-IPC-EW5541N-AS;Cámara IP FishEye de 5 MP/WinzMind/ IR de 10 Mts/H.265+/ PoE/ WDR Real/ Micrófono Integrado/ Heat Map/ Detección Inteligente/ Ranura para MicroSD/E&S de Alarma/E&S de Audio/ 3D DNR, HLC, BLC/Interior;1;;;03/02/2026;
DH-P3B-PV;Cámara IP PT WiFi de 3 Megapíxeles con audio bidireccional (micrófono y altavoz), sirena de 110 dB, WiFi 6, detección de personas y vehículos, IP65 y ranura MicroSD.;2;;;03/02/2026;
WD23PURZ;Disco Duro PURPLE de 2TB;4;;;03/02/2026;
WD11PURZ;Disco Duro Purple de 1 TB;5;;;03/02/2026;
NewPull;Disco Duro GENERICO New Pull, 500 GB;7;;;03/02/2026;
WD102PURP;Disco Duro Purple Pro de 10 TB;3;;;03/02/2026;
WD8002PURP;Disco duro WD de 8TB;1;;;03/02/2026;
WD64PURZ;Disco Duro PURPLE de 6TB ;1;;;03/02/2026;
DIY-5M-HD;Cable coaxial ( BNC RG59 ) + Alimentación / SIAMÉS / 5 Metros / 100 % COBRE / Para Cámaras 4K / Uso interior y exterior;3;;;03/02/2026;
DIY-20M-HD;Cable coaxial ( BNC RG59 ) + Alimentación / SIAMÉS / 20 Metros / 100 % COBRE / Para Cámaras 4K / Uso interior y exterior;3;;;03/02/2026;
DIY-50M-HD;Cable coaxial ( BNC RG59 ) + Alimentación / SIAMÉS / 50 Metros / 100 % COBRE / Para Cámaras 4K / Uso interior y exterior;2;;;03/02/2026;
DS-1LH1S2C-10;Cable Coaxial Siames (Mini RG59) + Alimentación / 10 Metros de Distancia / CCA / Soporta 1080p (2 Megapixel) hasta 4K (8 Megapixel) / Uso Interior y Exterior;2;;;03/02/2026;
TT101FTURBOZ;Kit de Transceptores (Baluns) con Terminal PUSH SUPERIOR PIG TAIL en ambos conectores, Resolución 4K , Cable flexible COAXIAL Blindado / COAXITRON / AUDIO POR COAXITRON /Conector 100% COBRE / Calidad PREMIUM;;;;03/02/2026;
BL-1H18;Kit de Transceptor (Balluns) TURBOHD con Boton Push / Hasta 8 MP (4K) / 100% Cobre / Soporta HD-TVI / AHD / CVI / CVBS / Audio por Coaxitron / Datos para Menu de Configurar de Cámaras;;;;03/02/2026;
PSUWB07;Divisor de Energía para 4 Cámaras/ 1 Conector Hembra + 4 Conectores Macho/ 2.1 mm/;30;;;03/02/2026;
PR-10A9CH;Gabinete Fuente de Poder, 9 Canales, 12V/10A;1;;;03/02/2026;
XP18DC30HD;Fuente de Poder Profesional HEAVY DUTY @ 30 Amperes / 18 canales / Hasta 2.5 Amperes por Salida / Protección Contra Sobrecargas / Filtro de Ruido por Canal / Aprobaciones: IEC/EN/UL/CSA, 60950 GB4943.;1;;;03/02/2026;
PSU1220-D16H;Fuente de Poder Profesional de 11 a 15 vcd/ 20 Amperes/ Para 16 Camaras Hasta 4k/ 1.25 Amperes por Canal/ Protección contra Sobrecargas/ Filtro de Ruido por Canal/ Uso rudo/;1;;;03/02/2026;
ABK-703B-S;Cerradura inteligente con cierre automático cuenta con juego de 3 llaves, sensor con luz LED de status o correcto cerrado, apertura con pulso voltaje de 12VDC;1;;;03/02/2026;
ABK901123;Fuente de poder 12V 3A MP / Para contrachapas electricas o magneticas / Tiempo ajustable de 0 a 30 segundos;2;;;03/02/2026;
XP-16DC-20-4KV;Fuente de Poder Profesional HEAVY DUTY @ 20 Amperes / 16 Canales / Hasta 1.25A por Salida / Ajuste Independiente de 11 a 15 Vcc por Salida / Protección Contra Sobrecargas / Filtro de Ruido Especial para Cámaras 4K.;1;;;03/02/2026;
PSU1204-D;Fuente de poder regulada de 12 Vcc 4.1 Amperes/ Con Cable de 1.2 Metros/;4;;;03/02/2026;
PSU1205-D;Fuente de Poder Regulada de 12 Vcc a 5 Amperes/ Ideal para Equipos de Alto Consumo de Corriente;3;TVN083034;;03/02/2026;
P5DC2A;5 Vcc / 2 A / Adaptador de voltaje / Voltaje de Entrada de 100-240 Vca;4;;;03/02/2026;
PL-DC-1000T;Adaptador de Pared de 12Vcc @ 1 A con cable y clavija Nema 1-15 / 0.5 metros a la toma de alimentación / 0.5 metros a la conexión del dispositivo;2;;;03/02/2026;
PSD1202D;Adaptador de Pared de 12 Vcc Regulada / 2 Amp / Voltaje de Entrada de 100 - 240 VCA / Longitud del cable 96 cms.;6;;;03/02/2026;
PSU12005-E;Fuente de Poder Regulada de 12 Vcc 0.5 Amper/ Conector Macho;3;;;03/02/2026;
PL-DC-1000;Adaptador de Pared de 12 Vcc @ 1 Amp Regulado / Uso en Interior / Múltiples Usos / Con cable de 95 cm;7;;;03/02/2026;
RT1230LS;Transformador de Pared 12 Vca 30 VA;1;;;03/02/2026;
P9DC1A;Fuente de Poder Regulada de 9 Vcc @ 1 A / Voltaje de Entrada de 100-240 Vca / Para Usos Múltiples / Video vigilancia, Acceso, Asistencia, Alarmas, Etc. / Certificación NOM;2;;;03/02/2026;
UTP101AT-HD;Transmisor activo 1 canal HDCVI / TVI / A HD / CVBS / 500 M a 720p / 300 M a 1080p;1;;;03/02/2026;
101662;PASTA TERMICA;3;;;03/02/2026;
PC-034094;ALCOHOL ISOPROPILICO 1LT;2;;;03/02/2026;
PC-030331;REMOVEDOR DE POLVO;5;;;03/02/2026;
306119;CABLE HDMI ;10;;;03/02/2026;
M1pro;DashCam, Resolución 1080p, Equipada con Wi-Fi y sensor Gr, Capacidad de MicroSD hasta 128 Gb, Micrófono y altavoz integrados, Configurable desde la App, Visualización local, Consumo 5V CC;2;;;03/02/2026;
PC-S7XN-8M0WED;Cámara IP PT Wifi Dual de 8MP con lente fijo y PT de 3MP, visión nocturna de 30m, micrófono y altavoz integrados, audio bidireccional y inteligencia artificial;2;;;03/02/2026;
IPC-K7CN-5H1WE;Cámara IP PT de 5MP con WiFi Full Color, audio bidireccional, IR 30m, micrófono y altavoz integrados, disuasión activa sirena 110dB, autotracking, ranura MicroSD e IP66;4;;;03/02/2026;
SUA-KIT/XVR1E04-I/4-B20P-0280B;Kit 4 Canales HDCVI 1080P/ 4 Cámaras B20P 2.8mm Apertura Hasta 100°/ Grabador Soporta Hasta 5 Canales IP y Detección de Movimiento Inteligente/ Policarbonato/;1;;;03/02/2026;
DH-HAC-B1A21N-U-IL-A;Cámara Bullet de 2 MP Serie Cooper/ Lente de 2.8 mm Apertura de Hasta 100°/ Iluminación Dual Inteligente 30 Mts IR y 20 Mts Luz Visible/ Micrófono Integrado/ Para Exterior IP67;0;;;03/02/2026;
ST2-64-S1;Memoria MicroSD de 64 Gb IMOU;100;;;03/02/2026;
PS-12-DC-4C;Fuente de Alimentación de 4 Salidas de 11 - 15 Vcc / 5 Amper / Voltaje de Entrada 110- 240 Vac / Fusible Termico PTC Integrado para Protección / Salida de Voltaje Inteligente hasta 3 Amper por Salida;1;;697477291003;03/02/2026;
DS-PDMC-EG2-WB(B);(AX PRO) Contacto Magnético Inalámbrico + 2 ZONAS PARA AGREGAR SENSORES CABLEADOS / 3 en 1 / Soporta 2 Zonas Cableadas;2;ALARMA;6942160434551;03/02/2026;
DS-PM1-RT-HWB;(AX HYBRID PRO) Expansor de 32 Zonas Inalámbricas Tri-X / Conexión Speed-X Bus Hacia el Panel / Permite Agregar Sensores AX PRO;1;ALARMA;6931847180812;03/02/2026;
DS-PDP15P-EG2-WB(B);(AX PRO) Detector PIR Inalámbrico Interior serie AX PRO / Inmunidad a Mascotas / Rango de Detección de 15 mts / Angulo de 85.9° de Cobertura;4;ALARMA;6942160434575;03/02/2026;
DS-KH6320-LE1(B);"Monitor IP Lite TOUCH 7"" para Videoportero IP / Vídeo en Vivo / PoE Estándar / Apertura Remota / Llamada Entre Monitores / Audio de dos vías";1;VIDEO PORTERO;6931847163662;03/02/2026;
DS-PKF1-WB(B);(AX PRO) Control Remoto para Armado y Desarmado / Teclas con Funciones Programables;1;ALARMA;6936422110680;03/02/2026;
DS-PWA48-E-WB;(AX PRO) Panel de Alarma Inalámbrico de Hikvision / Soporta 48 Zonas / Wi-Fi y Ethernet / Incluye Batería de respaldo / Compatible con los Accesorios AX PRO;1;ALARMA;6941264085461;03/02/2026;
DS-PS1-E-WB/B;(AX PRO) Sirena Inalámbrica con Estrobo Azul para Exterior IP65 / 110 Db;1;ALARMA;6941264065197;03/02/2026;
DS-7116HGHI-M1€;DVR 16 Canales TurboHD + 2 Canales IP / 2 Megapixel (1080p) Lite / Acusense Lite (Evita falsas alarmas) / Audio por Coaxitron / 1 Bahía de Disco Duro / H.265+ / Salida de VÌdeo en Full HD;1;CCTV;6942160446578;03/02/2026;
DVR-204G-M1©;DVR 4 Canales TurboHD + 1 Canal IP / 2 Megapíxel (1080p) Lite / Acusense Lite (Evita Falsas Alarmas) / Audio por Coaxitron / 1 Bahía de Disco Duro / H.265+ / Salida de Vídeo Full HD;2;CCTV;6931847171025;03/02/2026;
DS-PS3001;Sirena Cableada / Ideal para Cualquier Panel de Alarma (No Importa la Marca) / 30 Watts / 120 dB de Sonido / Protección IP65 (Exterior) / Material: Policarbonato;2;ALARMA;6942160428468;03/02/2026;
ENERGIZADOR HS;YONUSA HS - Energizador de nueva generación para solución de cerco eléctrico. Cubre 500 metros lineales o 100 metros en 5 lineas. Incluye control remoto (encendido/apagado);1;CERCOS;;03/02/2026;
DS-1M6UA-30U;Bote con 100 Piezas de Plug Modular RJ45 / Cat 6 / Chapado en Oro a 30 Micras / Sin Blindaje / Facil Instalación / Uso Interior / Soporta Norma TIA-568B / Cumple con RoHS 2.0;1;REDES;;03/02/2026;
DS-1M5EUA-30U;Bote con 100 Piezas de Plug Modular RJ45 / Cat 5e / Chapado en Oro a 30 Micras / Sin Blindaje / Facil Instalación / Uso Interior / Soporta Norma TIA-568B / Cumple con RoHS 2.0;3;REDES;;03/02/2026;
TT-101-PV-TURBO;Kit de transceptores activos con conector para alimentación (12V/24Vcc/AC) TurboHD para aplicaciones de video por UTP Cat5e/6 en HD. Distancia de hasta 150 m en 4K;8;CCTV;;03/02/2026;
NS-0105P-35(B);Switch PoE+ / 4 Puertos 10/100 Mbps PoE+ (af / at) / 1 Puerto 10/100 Mbps Uplink / Modo Extendido hasta 250 Metros / 35 Watts;1;REDES;6941264028277;03/02/2026;
THC-T129-MS;[ColorVu] Turret TURBOHD 1080p / Imagen a color 24/7 / Lente 2.8 mm / Micrófono Integrado / Luz Blanca 20 mts / IP66 / Metálica;3;CCTV;6931847181468;03/02/2026;
PTC1640U;Transformador 16VCA / 40VA #cer Fusible Interno para paneles y módulos de NEO, Power Series y Maxsys;4;;;03/02/2026;
ST-2406-2AQ;Fuente de Poder con Cargador Bateria 1.5 amp 6/12/24 VCD;3;;676544009016;03/02/2026;
HL24LQKITS-M(B);KIT TurboHD 1080p / DVR 4 canales / 4 Cámaras Bala de Metal / H.265+ / 1 Fuente de Poder Profesional / Accesorios de Instalación;1;CCTV;;03/02/2026;
OUTPCAT5ECOPEXT100;SAXXON OUTPCAT5ECOPEXT100 - Bobina de 100 Metros de Cable UTP Cat5e 100% Cobre/ Exterior con Doble Forro/ Color Negro/ Ideal para Cableado de Redes de Datos y Video/;1;REDES;TVD119048;03/02/2026;
OUTP5ECCA305BC;SAXXON OUTP5ECCA305BC - Bobina de Cable UTP Cat5e/ 305 Metros/ CCA/ Color Blanco/ Uso Interior/ Cert ISO9001/ UL 444/ RoSH/ ANSI/ TIA/ EI-568B;3;REDES;TVD119080;03/02/2026;
DH-PFM920-5EU;DAHUA PFM920-5EU - Bobina de Cable UTP para Exterior Cat 5e/ 100% Cobre/ 305 Metros/ Color Negro/ Cubierta Exterior MDPE/ Cumple con Estandares ANSI/TIA 568-C.2/ Retardante de Llama/ RoHS/;2;REDES;6939554987205;03/02/2026;
DS-3E1105P-EI/M;Switch PoE+ / Monitoreable / 4 Puertos 10/100 Mbps PoE+ / 1 Puerto 10/100 Mbps Uplink / Configuración Nube Hik-PartnerPro / Modo Extendido hasta 300 Metros / 45 W;1;REDES;6942160449920;03/02/2026;
DS-3E1510P-EI/M;Switch Gigabit PoE+ / Administrable / 8 Puertos 1000 Mbps PoE+ / 2 Puertos 1000 Mbps de Uplink / Configuración Nube Hik-PartnerPro / Modo Extendido hasta 300 Metros / 60 W;1;REDES;6942160450063;03/02/2026;
DS-2CV2021G2-IDW€;Bala IP 2 Megapixel / Lente 2.8 mm / 30 mts IR / Exterior IP66 / Wi-Fi / dWDR / H.265+ / Micrófono y Bocina Interconstruido / MicroSD;1;CCTV;;03/02/2026;
DS-2CE12DF3T-PIRXOS;[ColorVu] Bala TURBOHD 2 Megapixel (1080p) / Imagen a Color 24/7 / Lente 2.8 mm / Luz Blanca 40 mts / Exterior IP67 / WDR 130 dB / Sensor PIR / Sirena Integrada / Salida de Audio Estrobo ROJO - AZUL / Micrófono Integrado;1;CCTV;;03/02/2026;
DS-2CE12D0T-PIRLO;2 MP PIR Fixed Bullet Camera;2;CCTV;;03/02/2026;
DS-2CE56D0T-I2FB;Cámara de Vigilancia Tipo Domo Hikvision DS-2CE56D0T-I2FB de 2MP, IR hasta 20m, IP66;1;CCTV;;03/02/2026;
DS-2CE10DF0T-F;[ColorVu] Bala TURBOHD 2 Megapixel (1080p) / Imagen a Color 24/7 / Lente 2.8 mm / METAL / Luz Blanca 20 mts / Exterior IP67 / TVI-AHD-CVI-CVBS / Dwdr;1;CCTV;;03/02/2026;
DH-HAC-T1A21N-0280B;DAHUA HAC-T1A21-28 - Cámara Domo con resolución 1080p, lente de 2.8 mm y ángulo de visión de 103°, Smart IR de 20 m para mejor visión nocturna, ideal para interiores. Compatible con los formatos CVI, TVI, AHD y CVBS;8;;;;
ACCESSRIMB;;2;;;;
IDS-7208HQHI-M1/XT;DVR 8 Canales TURBOHD + 4 Canales IP / 5 Megapixel Lite - 3K Lite / Audio de Dos Vías por Coaxitron / Reconocimiento Facial / ACUSENSE (Evista falsas alarmas) / 1 Bahía de Disco Duro / Salida de Video en Full HD;1;CCTV;6942160473802;03/02/2026;
THC-T129-MS;[ColorVu] Turret TURBOHD 1080p / Imagen a color 24/7 / Lente 2.8 mm / Micrófono Integrado / Luz Blanca 20 mts / IP66 / Metálica;6;CCTV;6931847181468;;
V300X/1TB;"SSD PARA VIDEOVIGILANCIA / Unidad de Estado Solido / 1 TB / 2.5"" / Alto Performance / Uso 24/7 / Compatible con DVR´s y NVR´s epcom / HiLook y HIKVISION (Seleccionados) / Incluye Base";7;CCTV;6976695090340;;
DS-PDMCS-EG2-WB(B);(AX PRO) Contacto Magnético Inalámbrico Slim / Uso en Interior / LED Indicador / Tamper;3;ALARMA;6936422110734;;
DS-PS3001;Sirena Cableada / Ideal para Cualquier Panel de Alarma (No Importa la Marca) / 30 Watts / 120 dB de Sonido / Protección IP65 (Exterior) / Material: Policarbonato;9;ALARMA;;;
DS-1280ZJ-XS;Caja de Conexiones de Metal / Compatible con DS-2CD20XX, B8-TURBOGXX, THC-B120-XX,, THC-BXX, THC-TXX;16;CCTV;;;
;;;;;;
;;;;;;
;;;;;;
;;;;;;
;;;;;;
;;;;;;
;;;;;;
;;;;;;
;;;;;;
;;;;;;
;;;;;;
;;;;;;
;;;;;;
;;;;;;
;;;;;;
;;;;;;
;;;;;;
;;;;;;
;;;;;;
;;;;;;
;;;;;;
;;;;;;
;;;;;;
;;;;;;
;;;;;;
;;;;;;
;;;;;;
;;;;;;
;;;;;;
;;;;;;
;;;;;;
;;;;;;
;;;;;;
;;;;;;
;;;;;;
;;;;;;
;;;;;;
;;;;;;
;;;;;;
;;;;;;
;;;;;;
;;;;;;
;;;;;;
;;;;;;
;;;;;;
;;;;;;
;;;;;;
;;;;;;
;;;;;;
;;;;;;
;;;;;;
;;;;;;
;;;;;;
;;;;;;
;;;;;;
;;;;;;
;;;;;;
;;;;;;
;;;;;;
;;;;;;
;;;;;;
;;;;;;
;;;;;;
;;;;;;
;;;;;;
;;;;;;
;;;;;;
;;;;;;
;;;;;;
;;;;;;
;;;;;;
;;;;;;
;;;;;;
;;;;;;
;;;;;;
;;;;;;
;;;;;;
;;;;;;
;;;;;;
;;;;;;
;;;;;;
;;;;;;
;;;;;;
;;;;;;
;;;;;;
;;;;;;
;;;;;;
;;;;;;
;;;;;;
;;;;;;
;;;;;;
;;;;;;
;;;;;;
;;;;;;
;;;;;;
;;;;;;
;;;;;;
;;;;;;
;;;;;;
;;;;;;
;;;;;;
;;;;;;
;;;;;;
;;;;;;
;;;;;;
;;;;;;
;;;;;;
;;;;;;
;;;;;;
;;;;;;
;;;;;;
;;;;;;
;;;;;;
;;;;;;
;;;;;;
;;;;;;
;;;;;;
;;;;;;
;;;;;;
;;;;;;
;;;;;;
;;;;;;
;;;;;;
;;;;;;
;;;;;;
;;;;;;
;;;;;;
;;;;;;
;;;;;;
;;;;;;
;;;;;;
;;;;;;
;;;;;;
;;;;;;
;;;;;;
;;;;;;
;;;;;;
;;;;;;
;;;;;;
;;;;;;
;;;;;;
;;;;;;
;;;;;;
;;;;;;
;;;;;;
;;;;;;
;;;;;;
;;;;;;
;;;;;;
;;;;;;
;;;;;;
;;;;;;
;;;;;;
;;;;;;
;;;;;;
;;;;;;
;;;;;;
;;;;;;
;;;;;;
;;;;;;
;;;;;;
;;;;;;
;;;;;;
;;;;;;
;;;;;;
;;;;;;
;;;;;;
;;;;;;
;;;;;;
;;;;;;
;;;;;;
;;;;;;
;;;;;;
;;;;;;
;;;;;;
;;;;;;
;;;;;;
;;;;;;
;;;;;;
;;;;;;
;;;;;;
;;;;;;
;;;;;;
;;;;;;
;;;;;;
;;;;;;
;;;;;;
;;;;;;
;;;;;;
;;;;;;
;;;;;;
;;;;;;
;;;;;;
;;;;;;
;;;;;;
;;;;;;
;;;;;;
;;;;;;
;;;;;;
;;;;;;
;;;;;;
;;;;;;
;;;;;;
;;;;;;
;;;;;;
;;;;;;
;;;;;;
;;;;;;
;;;;;;
;;;;;;
;;;;;;
;;;;;;
;;;;;;
;;;;;;
;;;;;;
;;;;;;
;;;;;;
;;;;;;
;;;;;;
;;;;;;
;;;;;;
;;;;;;
;;;;;;
;;;;;;
;;;;;;
;;;;;;
;;;;;;
;;;;;;
;;;;;;
;;;;;;
;;;;;;
;;;;;;
;;;;;;
;;;;;;
;;;;;;
;;;;;;
;;;;;;
;;;;;;
;;;;;;
;;;;;;
;;;;;;
;;;;;;
;;;;;;
;;;;;;
;;;;;;
;;;;;;
;;;;;;
;;;;;;
;;;;;;
;;;;;;
;;;;;;
;;;;;;
;;;;;;
;;;;;;
;;;;;;
;;;;;;
;;;;;;
;;;;;;
;;;;;;
;;;;;;
;;;;;;
;;;;;;
;;;;;;
;;;;;;
;;;;;;
;;;;;;
;;;;;;
;;;;;;
;;;;;;
;;;;;;
;;;;;;
;;;;;;
;;;;;;
;;;;;;
;;;;;;
;;;;;;
;;;;;;
;;;;;;
;;;;;;
;;;;;;
;;;;;;
;;;;;;
;;;;;;
;;;;;;
;;;;;;
;;;;;;
;;;;;;
;;;;;;
;;;;;;
;;;;;;
;;;;;;
;;;;;;
;;;;;;
;;;;;;
;;;;;;
;;;;;;
;;;;;;
;;;;;;
;;;;;;
;;;;;;
;;;;;;
;;;;;;
;;;;;;
;;;;;;
;;;;;;
;;;;;;
;;;;;;
;;;;;;
;;;;;;
;;;;;;
;;;;;;
;;;;;;
;;;;;;
;;;;;;
;;;;;;
;;;;;;
;;;;;;
;;;;;;
;;;;;;
;;;;;;
;;;;;;
;;;;;;
;;;;;;
;;;;;;
;;;;;;
;;;;;;
;;;;;;
;;;;;;
;;;;;;
;;;;;;
;;;;;;
;;;;;;
